{"0_1_0_0": {"DO_NOTHING": 0.35846908953805323, "PERF_100": 0.04703021843386551, "POWERSAVE_50": 1.3735263333333334, "SWAP_80": 0.043848977602291256, "IO_BFQ": 0.0740957890341949}, "1_1_0_0": {"DO_NOTHING": 0.07397162135483794, "PERF_100": 0.09594949982635453, "POWERSAVE_50": 8.351692718062612, "SWAP_80": 2.0297104528640735, "IO_BFQ": 1.3601488871423733}, "1_2_0_0": {"DO_NOTHING": 1.335590048877451, "PERF_100": 6.760499372081601, "POWERSAVE_50": 12.788368988275021, "SWAP_80": 6.227488752031083, "IO_BFQ": 7.545431101529359}, "2_1_0_0": {"DO_NOTHING": 0.021778058647900944, "PERF_100": 2.1331952332000004, "POWERSAVE_50": 0.07922644562756402, "SWAP_80": 0.0027013775611461344, "IO_BFQ": 0.09799998022340813}}