{"0_1_0_0": {"DO_NOTHING": 0.07934217861451509, "PERF_100": 0.08117407836649504, "POWERSAVE_50": 0.7861162154666667, "SWAP_80": 0.008292005287355042, "IO_BFQ": 0.04222467162697027}, "0_2_0_0": {"DO_NOTHING": 0.09076027312051432, "PERF_100": 0.05383161556695052, "POWERSAVE_50": 0.8881496733333334, "SWAP_80": 0.18540051611629996, "IO_BFQ": 0.020528282943491197}, "1_2_0_0": {"DO_NOTHING": 0.09980877352385459, "PERF_100": 0.3547176897302492, "POWERSAVE_50": 2.8243682666190324, "SWAP_80": 0.29104039204060267, "IO_BFQ": 0.20756876226312138}, "1_1_0_0": {"DO_NOTHING": 0.03980355277321684, "PERF_100": 0.03853785204020711, "POWERSAVE_50": 0.9229908838321, "SWAP_80": 0.03527280093274754, "IO_BFQ": 0.01495985799018551}, "1_1_1_0": {"DO_NOTHING": 0.037628145951426106, "PERF_100": 0.086022636892925, "POWERSAVE_50": 0.8510979689802943, "SWAP_80": 0.05183590549472408, "IO_BFQ": 0.091182876316869}, "1_0_1_0": {"DO_NOTHING": 0.011811390512405196, "PERF_100": 0.08109135914612592, "POWERSAVE_50": 0.6692037136215999, "SWAP_80": -0.05666375372970387, "IO_BFQ": 0.05175023508399306}}