{"0_1_0_0": {"DO_NOTHING": 0.05202523940010189, "PERF_100": 0.0894900874441606, "POWERSAVE_50": 1.0340460733333334, "SWAP_80": 0.08508896269132674, "IO_BFQ": 0.019664058009608812}, "1_1_0_0": {"DO_NOTHING": 0.003288702983868108, "PERF_100": 0.06396761263625404, "POWERSAVE_50": 0.9441175486786367, "SWAP_80": 0.05667273236976389, "IO_BFQ": 0.01369808192794232}, "1_2_0_0": {"DO_NOTHING": 0.003690916704453935, "PERF_100": -0.047001386125467476, "POWERSAVE_50": -0.04935941163043929, "SWAP_80": -0.05413269143375015, "IO_BFQ": 0.09764676940838198}}