{"0_1_0_0_0_1": {"DO_NOTHING": 1.3783744477389779, "PERF_100": 0.530782218140383, "POWERSAVE_50": 0.5292227419306418, "SWAP_80": 0.2644737253395352, "IO_BFQ": 0.39473184289692725}, "0_1_0_0_1_0": {"DO_NOTHING": 0.8949960819233287, "PERF_100": 0.8944216023301975, "POWERSAVE_50": 1.2735443136136957, "SWAP_80": 0.9717304590284678, "IO_BFQ": 0.8869039128598492}, "0_1_0_0_0_0": {"DO_NOTHING": 0.3857767599057931, "PERF_100": 0.3894245747840416, "POWERSAVE_50": 0.4008478843810565, "SWAP_80": 0.10642643982751909, "IO_BFQ": 1.4691800285194136}, "0_1_0_0_1_1": {"DO_NOTHING": 0.9354017527901748, "PERF_100": 0.6666326535445569, "POWERSAVE_50": 1.4487174826333735, "SWAP_80": 0.8597889316238754, "IO_BFQ": 0.9216705315592661}, "0_1_0_0_2_1": {"DO_NOTHING": 0.6260283267609472, "PERF_100": 0.6942967992793292, "POWERSAVE_50": 0.4916534295328249, "SWAP_80": 1.0923427052560561, "IO_BFQ": 0.3684157769679042}, "0_1_1_0_1_1": {"DO_NOTHING": 0.6405753082946817, "PERF_100": 0.7176084974447942, "POWERSAVE_50": 0.7759282389100428, "SWAP_80": 0.4942073415878197, "IO_BFQ": 1.067498333930071}, "0_1_0_0_1_2": {"DO_NOTHING": 1.0568466059725017, "PERF_100": 0.8156915359502801, "POWERSAVE_50": 0.50861154156923, "SWAP_80": 0.28315692210456306, "IO_BFQ": 0.49726701863663314}, "0_1_0_0_2_2": {"DO_NOTHING": 0.28727631710726653, "PERF_100": 0.43817119792074793, "POWERSAVE_50": 0.3138324738822946, "SWAP_80": 1.2733548006062252, "IO_BFQ": 0.316439057041631}, "1_1_0_0_2_2": {"DO_NOTHING": 0.8457053756760551, "PERF_100": 0.8070080669945864, "POWERSAVE_50": 1.2559814487190675, "SWAP_80": 2.4815083865466216, "IO_BFQ": 0.6001662607545735}, "1_2_0_0_2_1": {"DO_NOTHING": 0.9771788594494483, "PERF_100": 0.9153817992195873, "POWERSAVE_50": 0.6810122517971147, "SWAP_80": 3.502483424876683, "IO_BFQ": 1.281796548317526}, "1_2_0_0_2_2": {"DO_NOTHING": 0.7751166236783438, "PERF_100": 0.614970262472021, "POWERSAVE_50": 2.718442774189166, "SWAP_80": 0.34789360167001027, "IO_BFQ": 0.45872971282434327}, "1_2_0_0_1_1": {"DO_NOTHING": 4.399989148970685, "PERF_100": 4.590656624472042, "POWERSAVE_50": 4.86502705872633, "SWAP_80": 4.497894205694477, "IO_BFQ": 4.548804960513264}, "2_2_0_0_1_1": {"DO_NOTHING": 3.6720042292715775, "PERF_100": 3.5307285617739894, "POWERSAVE_50": 3.599034935041773, "SWAP_80": 3.542723708269883, "IO_BFQ": 3.909099955324794}, "1_2_0_0_1_0": {"DO_NOTHING": 1.7919021468702845, "PERF_100": 0.13053882812886186, "POWERSAVE_50": 0.5817619788670595, "SWAP_80": 0.2035069887776521, "IO_BFQ": 0.4719029084779714}, "1_1_0_0_0_1": {"DO_NOTHING": 0.08781093333333334, "PERF_100": 0.0, "POWERSAVE_50": 0.6232985495091763, "SWAP_80": 0.0, "IO_BFQ": 0.0}, "1_1_0_0_0_0": {"DO_NOTHING": 0.0, "PERF_100": 0.3609549871836998, "POWERSAVE_50": 0.08886243987114667, "SWAP_80": 0.08771676001939023, "IO_BFQ": 0.0}, "1_1_0_0_1_0": {"DO_NOTHING": 0.8555836982185815, "PERF_100": 0.7193863552710223, "POWERSAVE_50": 2.327929446533216, "SWAP_80": 1.2640963064108972, "IO_BFQ": 0.8484289290610653}, "1_1_0_0_1_1": {"DO_NOTHING": 3.3601195199539142, "PERF_100": 3.170909386823118, "POWERSAVE_50": 3.4080149075554034, "SWAP_80": 2.9843759755848476, "IO_BFQ": 3.257127386576451}, "1_1_1_0_1_1": {"DO_NOTHING": 1.1424910209394874, "PERF_100": 1.189183044047508, "POWERSAVE_50": 1.1611453511826473, "SWAP_80": 1.0941838584777097, "IO_BFQ": 1.2227785505043043}, "1_1_2_0_1_1": {"DO_NOTHING": 0.12908327142613474, "PERF_100": 0.2395796594206931, "POWERSAVE_50": 0.2600101393717321, "SWAP_80": 0.18612825336358696, "IO_BFQ": 0.5306375322077397}, "1_0_2_0_1_1": {"DO_NOTHING": 0.09990354526643917, "PERF_100": 0.11771843046992923, "POWERSAVE_50": 0.3009241306929616, "SWAP_80": 0.13545641281146273, "IO_BFQ": 0.13916461622416165}, "1_1_0_0_1_2": {"DO_NOTHING": 2.2298729643501085, "PERF_100": 0.5506185435092845, "POWERSAVE_50": 0.3945118032467781, "SWAP_80": 0.11544967565088618, "IO_BFQ": 0.219146165831088}, "1_0_0_0_1_1": {"DO_NOTHING": 0.09937682197975024, "PERF_100": 0.47194082702285456, "POWERSAVE_50": 0.029883663106773928, "SWAP_80": 0.08328933556750426, "IO_BFQ": 0.030915785704399623}, "1_0_1_0_1_2": {"DO_NOTHING": 0.46315848884470373, "PERF_100": 0.15629938451484016, "POWERSAVE_50": 0.13749670042673126, "SWAP_80": 0.06168798623112767, "IO_BFQ": 0.0541153104547544}, "1_0_1_0_1_1": {"DO_NOTHING": 0.46837427573012297, "PERF_100": 0.44315088007639686, "POWERSAVE_50": 0.4453063944676013, "SWAP_80": 0.6938167825257104, "IO_BFQ": 0.30341059041880397}, "0_1_1_0_2_2": {"DO_NOTHING": 0.11744123958522075, "PERF_100": 0.15916378801760206, "POWERSAVE_50": -0.07951317871048523, "SWAP_80": 0.0, "IO_BFQ": -0.09565867584278295}, "0_1_1_0_2_1": {"DO_NOTHING": -0.16432799672231707, "PERF_100": -0.006857155356462558, "POWERSAVE_50": -0.24980967613934302, "SWAP_80": -0.19636067942195823, "IO_BFQ": -0.22572880099280218}, "1_1_1_0_2_1": {"DO_NOTHING": -0.00390890944016278, "PERF_100": 0.5792817155836121, "POWERSAVE_50": 0.0, "SWAP_80": 0.09514478637925532, "IO_BFQ": -0.013139466666666669}, "1_1_1_0_2_2": {"DO_NOTHING": 0.25766796820225246, "PERF_100": -0.0102982, "POWERSAVE_50": -0.009951600000000001, "SWAP_80": -0.0113011387562151, "IO_BFQ": -0.010458466666666666}, "1_1_1_0_0_0": {"DO_NOTHING": 0.0, "PERF_100": 0.0, "POWERSAVE_50": -0.013598066666666667, "SWAP_80": 0.0, "IO_BFQ": 0.0}, "0_1_1_0_1_0": {"DO_NOTHING": 0.7529800020226284, "PERF_100": 0.36965527675259274, "POWERSAVE_50": 0.19300277146478972, "SWAP_80": 0.12098785801631139, "IO_BFQ": 0.21089582340092883}, "1_1_0_0_2_0": {"DO_NOTHING": 0.14801420440462398, "PERF_100": 0.19085750671030777, "POWERSAVE_50": 0.0, "SWAP_80": 0.7192393110116294, "IO_BFQ": 0.05359998914646122}, "2_1_0_0_1_0": {"DO_NOTHING": 0.655916538216609, "PERF_100": 2.0836999034114934, "POWERSAVE_50": 0.28066377290246053, "SWAP_80": 0.25608746896914597, "IO_BFQ": 0.42694363467561114}, "2_1_0_0_1_1": {"DO_NOTHING": 2.164547907936678, "PERF_100": 2.249097140624494, "POWERSAVE_50": 2.1770256306688083, "SWAP_80": 2.1434758807550227, "IO_BFQ": 2.1781647381350413}, "2_1_0_0_2_1": {"DO_NOTHING": 0.38621728993125065, "PERF_100": 1.6382920701553694, "POWERSAVE_50": 0.5314287716311769, "SWAP_80": 0.2589140267181941, "IO_BFQ": 0.19540488198446768}, "0_1_1_0_0_1": {"DO_NOTHING": -0.04747049787176131, "PERF_100": -0.02746191356900357, "POWERSAVE_50": -0.005332114030830448, "SWAP_80": 0.5042071532353452, "IO_BFQ": 0.11923534958906859}, "0_1_2_0_1_1": {"DO_NOTHING": -0.08040790369813762, "PERF_100": -0.2489589619035944, "POWERSAVE_50": -0.1138534479182759, "SWAP_80": -0.043944585000723756, "IO_BFQ": -0.1620562223795347}, "0_1_2_0_1_2": {"DO_NOTHING": -0.10878257813569481, "PERF_100": 0.0, "POWERSAVE_50": 0.0, "SWAP_80": 0.0, "IO_BFQ": 0.0}, "0_1_2_0_2_1": {"DO_NOTHING": -0.269904595, "PERF_100": -0.15239016592, "POWERSAVE_50": -0.08214637877162666, "SWAP_80": -0.19175163802738615, "IO_BFQ": -0.15142196333333333}, "0_0_2_0_1_0": {"DO_NOTHING": -0.7844002924027551, "PERF_100": -0.7280020414028775, "POWERSAVE_50": -0.6811021605758796, "SWAP_80": -0.6969392476629798, "IO_BFQ": -0.810180987208737}, "0_0_2_0_1_1": {"DO_NOTHING": -1.2416298710561269, "PERF_100": -1.4633504230158556, "POWERSAVE_50": -1.2374296322706062, "SWAP_80": -1.2368714413074464, "IO_BFQ": -1.1083351297058808}, "0_0_2_0_1_2": {"DO_NOTHING": -0.5379522446175501, "PERF_100": -0.7005384728975129, "POWERSAVE_50": -0.5634609350806155, "SWAP_80": -0.48497787840428425, "IO_BFQ": -0.5006803812200762}, "0_0_1_0_1_1": {"DO_NOTHING": -1.1984255221643791, "PERF_100": -1.3106357220912517, "POWERSAVE_50": -1.3383889350425024, "SWAP_80": -1.279576890324747, "IO_BFQ": -1.2626565396310205}, "0_0_1_0_1_2": {"DO_NOTHING": -1.334446645086326, "PERF_100": -1.2757338680884391, "POWERSAVE_50": -0.8183246044995998, "SWAP_80": -1.3812392849767607, "IO_BFQ": -1.2064191610836428}, "0_1_1_0_1_2": {"DO_NOTHING": 0.5369986772302573, "PERF_100": 0.32531101511852056, "POWERSAVE_50": 0.29866117703839484, "SWAP_80": 0.23688576404146533, "IO_BFQ": 0.8369152182149937}, "1_1_1_0_1_2": {"DO_NOTHING": 0.32484763462348126,