{"0_1_0_0": {"DO_NOTHING": -0.0407495720668689, "PERF_100": 1.1431925951336073, "POWERSAVE_50": -0.0033861493241705114, "SWAP_80": 0.06942383774599312, "IO_BFQ": -0.0247579028396325}, "1_1_0_0": {"DO_NOTHING": 0.6526730833404967, "PERF_100": 0.07501528402821295, "POWERSAVE_50": 4.03827786849322, "SWAP_80": 1.016618421381092, "IO_BFQ": 0.8253182039442167}, "1_2_0_0": {"DO_NOTHING": 2.7555526558737187, "PERF_100": 2.3148932470339036, "POWERSAVE_50": 4.523158773229054, "SWAP_80": 1.905568333794499, "IO_BFQ": 3.0859173074270982}, "0_1_1_0": {"DO_NOTHING": -0.22107304768866734, "PERF_100": -0.21345327829136784, "POWERSAVE_50": -0.20974737772579397, "SWAP_80": -0.24445202896251558, "IO_BFQ": -0.1984158783603957}, "2_1_0_0": {"DO_NOTHING": 6.650342217871731, "PERF_100": 7.286428284188652, "POWERSAVE_50": 5.55095760193079, "SWAP_80": 6.302995146794781, "IO_BFQ": 6.221228917585441}, "2_2_0_0": {"DO_NOTHING": 0.755886872745272, "PERF_100": 6.722558033284741, "POWERSAVE_50": 0.706707689984851, "SWAP_80": 1.2695800322130322, "IO_BFQ": 1.3873865114155848}}